cpu_usage,mem_usage,disk_io
33.0,3.57097,0.0
45.5,3.68226,0.0
12.6,3.68176,0.0
9.6,3.67051,0.0
9.2,3.52002,0.0
8.0,3.51057,0.0
