cpu_usage,mem_usage,disk_io
33.0,3.55412,0.0
32.6,3.60752,0.0
40.4,3.63326,0.0
33.3,3.63641,0.0
32.5,3.63861,0.0
