cpu_usage,mem_usage,disk_io
33.7,3.58372,0.0
31.8,3.64146,0.0
34.5,3.65351,0.0
33.0,3.65406,0.0
34.1,3.65091,0.0
6.4,3.54122,0.0
