cpu_usage,mem_usage,disk_io
34.1,3.59707,0.0
35.6,3.67731,0.0
17.4,3.68251,0.0
13.4,3.69111,0.0
9.1,3.53717,0.0
8.0,3.53217,0.0
