cpu_usage,mem_usage,disk_io
33.0,3.57217,0.0
32.9,3.62691,0.0
30.8,3.65836,0.0
32.9,3.65071,0.0
33.3,3.64756,0.0
