cpu_usage,mem_usage,disk_io
62.5,3.53267,0.0
15.1,3.55077,0.0
10.2,3.54577,0.0
5.1,3.51977,0.0
6.0,3.50542,0.0
