cpu_usage,mem_usage,disk_io
56.8,3.51917,0.0
31.8,3.56337,0.0
10.6,3.56057,0.0
7.3,3.52582,0.0
7.2,3.51912,0.0
