cpu_usage,mem_usage,disk_io
18.0,3.53552,0.0
41.1,3.65461,0.0
20.9,3.69921,0.0
14.4,3.70576,0.0
6.8,3.56122,0.0
2.9,3.53612,0.0
