cpu_usage,mem_usage,disk_io
33.7,3.56827,0.0
37.5,3.66661,0.0
13.6,3.66976,0.0
11.2,3.67251,0.0
5.0,3.51662,0.0
8.0,3.51582,0.0
