cpu_usage,mem_usage,disk_io
34.4,3.56547,0.0
33.3,3.61017,0.0
34.5,3.63021,0.0
32.2,3.62866,0.0
32.6,3.62521,0.0
17.0,3.51517,0.0
