cpu_usage,mem_usage,disk_io
33.7,3.56377,0.0
32.5,3.61726,0.0
33.3,3.64051,0.0
33.3,3.63816,0.0
30.7,3.63791,0.0
