cpu_usage,mem_usage,disk_io
33.0,3.54582,0.0
32.5,3.59932,0.0
33.7,3.61541,0.0
32.6,3.61152,0.0
34.1,3.61152,0.0
32.2,3.50577,0.0
