cpu_usage,mem_usage,disk_io
32.9,3.58422,0.0
37.9,3.67791,0.0
13.8,3.69406,0.0
12.2,3.69131,0.0
8.0,3.55567,0.0
6.2,3.54362,0.0
