cpu_usage,mem_usage,disk_io
56.3,3.51467,0.0
12.8,3.54302,0.0
11.8,3.54432,0.0
7.2,3.51907,0.0
8.3,3.50147,0.0
