cpu_usage,mem_usage,disk_io
48.8,3.54637,0.0
12.5,3.57617,0.0
9.0,3.57772,0.0
7.2,3.54632,0.0
7.3,3.52797,0.0
