cpu_usage,mem_usage,disk_io
33.7,3.58587,0.0
32.5,3.63756,0.0
32.6,3.65996,0.0
32.2,3.65306,0.0
31.6,3.65671,0.0
11.2,3.54577,0.0
