cpu_usage,mem_usage,disk_io
33.7,3.56722,0.0
37.9,3.66076,0.0
13.7,3.66466,0.0
13.8,3.66556,0.0
8.0,3.51662,0.0
7.2,3.51402,0.0
