cpu_usage,mem_usage,disk_io
33.7,3.54982,0.0
32.5,3.60267,0.0
34.5,3.64051,0.0
32.5,3.63926,0.0
32.2,3.63836,0.0
11.3,3.51957,0.0
