cpu_usage,mem_usage,disk_io
32.1,3.58852,0.0
33.0,3.63836,0.0
32.2,3.65896,0.0
33.0,3.65266,0.0
32.2,3.65176,0.0
