cpu_usage,mem_usage,disk_io
67.4,3.52677,0.0
13.9,3.54687,0.0
12.6,3.55022,0.0
7.2,3.53122,0.0
7.1,3.50247,0.0
