cpu_usage,mem_usage,disk_io
31.4,3.58387,0.0
39.4,3.66626,0.0
9.1,3.67081,0.0
8.6,3.67166,0.0
11.6,3.53832,0.0
6.4,3.52652,0.0
