cpu_usage,mem_usage,disk_io
22.5,3.49897,0.0
33.3,3.63166,0.0
29.8,3.66446,0.0
12.0,3.66511,0.0
8.0,3.52707,0.0
7.2,3.50672,0.0
