cpu_usage,mem_usage,disk_io
56.3,3.55207,0.0
9.4,3.57807,0.0
11.1,3.57042,0.0
6.4,3.55762,0.0
8.0,3.54067,0.0
