cpu_usage,mem_usage,disk_io
65.5,3.54757,0.0
13.8,3.55702,0.0
9.3,3.55977,0.0
8.1,3.54332,0.0
6.2,3.52577,0.0
