cpu_usage,mem_usage,disk_io
48.1,3.55797,0.0
16.0,3.58777,0.0
14.4,3.58027,0.0
8.2,3.54522,0.0
6.4,3.54072,0.0
