cpu_usage,mem_usage,disk_io
33.0,3.56592,0.0
33.3,3.62061,0.0
34.1,3.62946,0.0
32.2,3.62731,0.0
30.7,3.62771,0.0
