cpu_usage,mem_usage,disk_io
61.8,3.53602,0.0
12.9,3.55202,0.0
10.2,3.53942,0.0
5.1,3.51907,0.0
8.1,3.50412,0.0
