cpu_usage,mem_usage,disk_io
62.5,3.52222,0.0
14.8,3.51932,0.0
11.8,3.52502,0.0
8.1,3.50677,0.0
7.1,3.49487,0.0
