cpu_usage,mem_usage,disk_io
60.0,3.51732,0.0
13.1,3.52152,0.0
10.6,3.52287,0.0
8.0,3.50522,0.0
7.2,3.49547,0.0
