cpu_usage,mem_usage,disk_io
33.0,3.58917,0.0
32.5,3.62496,0.0
32.6,3.65306,0.0
32.6,3.65581,0.0
33.3,3.64951,0.0
8.0,3.53887,0.0
