cpu_usage,mem_usage,disk_io
31.9,3.55962,0.0
33.3,3.60812,0.0
34.2,3.63101,0.0
32.6,3.62566,0.0
32.9,3.62341,0.0
8.0,3.51632,0.0
