cpu_usage,mem_usage,disk_io
33.0,3.54672,0.0
32.5,3.60322,0.0
32.9,3.61956,0.0
32.9,3.61896,0.0
32.5,3.61591,0.0
15.4,3.50022,0.0
