cpu_usage,mem_usage,disk_io
34.1,3.55757,0.0
35.3,3.64966,0.0
12.8,3.66796,0.0
11.6,3.66161,0.0
8.0,3.51792,0.0
8.4,3.51067,0.0
