cpu_usage,mem_usage,disk_io
31.8,3.54027,0.0
40.7,3.65151,0.0
18.4,3.65531,0.0
10.5,3.66621,0.0
7.0,3.52307,0.0
7.2,3.50457,0.0
