cpu_usage,mem_usage,disk_io
60.2,3.54292,0.0
12.8,3.55987,0.0
10.6,3.55947,0.0
6.2,3.51762,0.0
8.0,3.51172,0.0
