cpu_usage,mem_usage,disk_io
32.2,3.57882,0.0
33.3,3.62601,0.0
33.0,3.64246,0.0
32.9,3.64501,0.0
32.6,3.64131,0.0
7.0,3.53862,0.0
