cpu_usage,mem_usage,disk_io
33.0,3.57567,0.0
32.6,3.62636,0.0
32.9,3.64656,0.0
33.0,3.64081,0.0
32.6,3.64121,0.0
