cpu_usage,mem_usage,disk_io
34.4,3.60127,0.0
39.6,3.68896,0.0
11.7,3.69681,0.0
10.3,3.70211,0.0
8.0,3.56387,0.0
6.3,3.54782,0.0
