cpu_usage,mem_usage,disk_io
32.2,3.57407,0.0
33.3,3.62431,0.0
33.4,3.65036,0.0
32.2,3.64321,0.0
31.3,3.63951,0.0
