cpu_usage,mem_usage,disk_io
53.5,3.54167,0.0
11.7,3.56992,0.0
10.5,3.55812,0.0
8.2,3.54392,0.0
7.2,3.53632,0.0
