cpu_usage,mem_usage,disk_io
33.3,3.55402,0.0
32.6,3.61097,0.0
36.8,3.64691,0.0
32.9,3.63901,0.0
33.3,3.64216,0.0
