cpu_usage,mem_usage,disk_io
33.3,3.56807,0.0
33.0,3.61821,0.0
33.3,3.63656,0.0
32.5,3.63711,0.0
33.3,3.63251,0.0
10.2,3.52532,0.0
