cpu_usage,mem_usage,disk_io
50.0,3.54647,0.0
12.5,3.55332,0.0
8.1,3.55167,0.0
7.3,3.53272,0.0
6.0,3.52212,0.0
