cpu_usage,mem_usage,disk_io
33.3,3.54612,0.0
36.7,3.64546,0.0
16.0,3.66161,0.0
8.0,3.66121,0.0
7.0,3.50332,0.0
7.6,3.49572,0.0
