cpu_usage,mem_usage,disk_io
58.7,3.55902,0.0
15.9,3.58512,0.0
11.4,3.58247,0.0
7.0,3.55552,0.0
8.0,3.53797,0.0
