cpu_usage,mem_usage,disk_io
29.6,3.53297,0.0
39.6,3.66441,0.0
16.7,3.68671,0.0
13.6,3.68791,0.0
9.1,3.53067,0.0
7.0,3.52842,0.0
