cpu_usage,mem_usage,disk_io
33.7,3.57347,0.0
34.9,3.65371,0.0
12.8,3.67696,0.0
14.6,3.67231,0.0
8.2,3.50912,0.0
5.1,3.50552,0.0
