cpu_usage,mem_usage,disk_io
50.5,3.53047,0.0
17.2,3.55387,0.0
11.7,3.55702,0.0
6.2,3.53137,0.0
7.4,3.51747,0.0
