cpu_usage,mem_usage,disk_io
33.3,3.58397,0.0
39.3,3.67741,0.0
10.8,3.69356,0.0
10.1,3.69131,0.0
6.2,3.54452,0.0
6.2,3.52877,0.0
