cpu_usage,mem_usage,disk_io
33.0,3.56447,0.0
40.2,3.65091,0.0
13.7,3.64991,0.0
11.7,3.65046,0.0
6.3,3.52072,0.0
7.0,3.51197,0.0
