cpu_usage,mem_usage,disk_io
40.5,3.53082,0.0
35.6,3.53292,0.0
35.3,3.53247,0.0
37.9,3.54822,0.0
10.5,3.55767,0.0
7.6,3.53017,0.0
