cpu_usage,mem_usage,disk_io
54.6,3.55087,0.0
12.9,3.55962,0.0
9.4,3.55717,0.0
7.2,3.52997,0.0
7.1,3.52617,0.0
