cpu_usage,mem_usage,disk_io
32.9,3.57592,0.0
32.2,3.62966,0.0
30.7,3.65316,0.0
32.2,3.65201,0.0
34.1,3.65071,0.0
24.1,3.53622,0.0
