cpu_usage,mem_usage,disk_io
33.7,3.57587,0.0
33.3,3.63271,0.0
33.0,3.65311,0.0
33.3,3.64596,0.0
30.7,3.64501,0.0
