cpu_usage,mem_usage,disk_io
33.0,3.52837,0.0
32.9,3.58857,0.0
32.1,3.61691,0.0
32.2,3.61372,0.0
32.9,3.61057,0.0
9.1,3.50557,0.0
