cpu_usage,mem_usage,disk_io
63.6,3.54377,0.0
15.5,3.56602,0.0
10.1,3.56652,0.0
7.2,3.54312,0.0
7.1,3.53027,0.0
