cpu_usage,mem_usage,disk_io
33.7,3.57967,0.0
33.0,3.63301,0.0
32.5,3.65241,0.0
34.1,3.64886,0.0
32.9,3.64601,0.0
