cpu_usage,mem_usage,disk_io
32.9,3.57712,0.0
32.6,3.63486,0.0
33.0,3.65926,0.0
34.1,3.65571,0.0
33.3,3.64941,0.0
22.6,3.53157,0.0
