cpu_usage,mem_usage,disk_io
61.7,3.54192,0.0
11.4,3.54082,0.0
11.4,3.53772,0.0
6.2,3.51857,0.0
6.3,3.49712,0.0
7.2,3.50182,0.0
