cpu_usage,mem_usage,disk_io
55.7,3.56252,0.0
12.5,3.57107,0.0
12.6,3.57687,0.0
9.1,3.55152,0.0
5.1,3.54502,0.0
