cpu_usage,mem_usage,disk_io
33.7,3.57677,0.0
39.1,3.64811,0.0
14.7,3.65496,0.0
11.4,3.66071,0.0
8.0,3.52647,0.0
9.1,3.51557,0.0
