cpu_usage,mem_usage,disk_io
18.2,3.51532,0.0
36.0,3.62671,0.0
16.3,3.66421,0.0
11.4,3.66631,0.0
8.0,3.52662,0.0
6.4,3.52067,0.0
