cpu_usage,mem_usage,disk_io
20.9,3.52407,0.0
36.8,3.65616,0.0
13.9,3.68986,0.0
12.8,3.68886,0.0
11.1,3.55622,0.0
7.2,3.53412,0.0
