cpu_usage,mem_usage,disk_io
57.9,3.57117,0.0
11.8,3.60297,0.0
11.0,3.59082,0.0
6.2,3.56972,0.0
7.1,3.54372,0.0
