cpu_usage,mem_usage,disk_io
33.3,3.56732,0.0
33.3,3.61636,0.0
32.2,3.65926,0.0
32.2,3.65396,0.0
32.6,3.65436,0.0
