cpu_usage,mem_usage,disk_io
15.5,3.51482,0.0
34.1,3.62906,0.0
26.2,3.69671,0.0
10.6,3.69131,0.0
8.0,3.55947,0.0
7.0,3.53387,0.0
