cpu_usage,mem_usage,disk_io
61.8,3.53502,0.0
12.8,3.56022,0.0
15.7,3.56167,0.0
9.2,3.51937,0.0
7.0,3.51807,0.0
