cpu_usage,mem_usage,disk_io
32.2,3.59957,0.0
36.8,3.67941,0.0
14.6,3.69196,0.0
12.6,3.68761,0.0
5.2,3.54067,0.0
8.0,3.53437,0.0
