cpu_usage,mem_usage,disk_io
33.0,3.58612,0.0
31.8,3.63781,0.0
32.9,3.64576,0.0
32.2,3.65666,0.0
32.1,3.65351,0.0
32.2,3.65351,0.0
