cpu_usage,mem_usage,disk_io
60.6,3.54872,0.0
12.5,3.55697,0.0
13.4,3.56452,0.0
8.0,3.55162,0.0
8.0,3.53792,0.0
