cpu_usage,mem_usage,disk_io
32.9,3.54237,0.0
33.3,3.59337,0.0
32.6,3.60822,0.0
33.3,3.60427,0.0
34.1,3.60742,0.0
