cpu_usage,mem_usage,disk_io
33.7,3.60382,0.0
39.3,3.68961,0.0
11.8,3.69166,0.0
8.2,3.69466,0.0
7.0,3.54807,0.0
7.2,3.54622,0.0
