cpu_usage,mem_usage,disk_io
50.0,3.54462,0.0
14.1,3.57877,0.0
8.7,3.57592,0.0
7.2,3.53932,0.0
6.1,3.53722,0.0
