cpu_usage,mem_usage,disk_io
71.4,3.54352,0.0
16.0,3.56767,0.0
10.3,3.57177,0.0
7.0,3.54207,0.0
9.4,3.53027,0.0
