cpu_usage,mem_usage,disk_io
44.7,3.51067,0.0
9.6,3.52242,0.0
10.3,3.51677,0.0
7.3,3.50842,0.0
6.3,3.48957,0.0
