cpu_usage,mem_usage,disk_io
48.3,3.53807,0.0
12.5,3.55182,0.0
10.3,3.55457,0.0
5.1,3.53197,0.0
8.0,3.51367,0.0
8.0,3.50672,0.0
