cpu_usage,mem_usage,disk_io
33.0,3.55772,0.0
33.3,3.60997,0.0
32.5,3.63666,0.0
32.9,3.63311,0.0
33.3,3.63221,0.0
