cpu_usage,mem_usage,disk_io
62.5,3.57377,0.0
11.9,3.57157,0.0
10.3,3.57102,0.0
6.2,3.56267,0.0
6.4,3.53747,0.0
