cpu_usage,mem_usage,disk_io
58.4,3.53637,0.0
14.9,3.54617,0.0
10.6,3.54392,0.0
7.0,3.52417,0.0
6.0,3.51257,0.0
8.3,3.50672,0.0
