cpu_usage,mem_usage,disk_io
33.0,3.54987,0.0
41.3,3.65901,0.0
12.8,3.65006,0.0
8.9,3.64091,0.0
8.8,3.50682,0.0
7.1,3.49592,0.0
