cpu_usage,mem_usage,disk_io
33.0,3.55557,0.0
38.6,3.66556,0.0
13.7,3.66341,0.0
13.5,3.65911,0.0
9.0,3.51337,0.0
7.0,3.50892,0.0
