cpu_usage,mem_usage,disk_io
32.9,3.58917,0.0
27.0,3.68001,0.0
11.4,3.69001,0.0
12.8,3.67811,0.0
8.2,3.54782,0.0
9.0,3.54502,0.0
