cpu_usage,mem_usage,disk_io
33.3,3.58642,0.0
38.4,3.67626,0.0
12.5,3.69121,0.0
10.2,3.68901,0.0
6.4,3.53467,0.0
9.1,3.53537,0.0
