cpu_usage,mem_usage,disk_io
33.7,3.58507,0.0
42.1,3.67586,0.0
17.2,3.68146,0.0
12.0,3.67846,0.0
7.1,3.54702,0.0
8.0,3.53612,0.0
