cpu_usage,mem_usage,disk_io
32.9,3.56372,0.0
32.6,3.60812,0.0
32.1,3.62586,0.0
32.6,3.62366,0.0
32.5,3.62676,0.0
