cpu_usage,mem_usage,disk_io
34.1,3.56187,0.0
37.7,3.65876,0.0
14.0,3.66666,0.0
12.6,3.66221,0.0
6.4,3.51912,0.0
9.2,3.51452,0.0
