cpu_usage,mem_usage,disk_io
33.0,3.54682,0.0
34.1,3.59722,0.0
33.7,3.61217,0.0
32.6,3.60937,0.0
33.3,3.60712,0.0
9.2,3.50462,0.0
