cpu_usage,mem_usage,disk_io
61.2,3.55072,0.0
12.8,3.57652,0.0
10.8,3.56832,0.0
8.2,3.54452,0.0
7.1,3.53467,0.0
