cpu_usage,mem_usage,disk_io
32.1,3.59627,0.0
36.8,3.68416,0.0
16.8,3.69791,0.0
10.7,3.69136,0.0
8.2,3.54477,0.0
8.2,3.54737,0.0
