cpu_usage,mem_usage,disk_io
33.3,3.56992,0.0
33.7,3.62046,0.0
34.8,3.65391,0.0
33.3,3.64816,0.0
29.9,3.64986,0.0
